TenderID,TenderName,TenderNumber,EntityName,entityId,InternalStatus,DueDate,TenderDetails,BiddingOpenDate,DueDays,TenderURL,EstimatedValue,DiscoveryUrl,EventId,EventType,CategoryDescriptionEn,CategoryDescriptionAr,CategoryIds,TenderStatus,Attachments,RecommendedTenders,Source,tender_title,reference_no
1220053,RFQ-Blanket Agreement to Supply Veterinary Medicines for 2 years,6613359-2,ADAFSA - Abu Dhabi Agriculture And Food Safety Authority ,ADAFSAAbuDhabiAgricultureAndFoodSafetyAuthority,OPEN,2025-12-31T00:00:00Z,"Blanket Agreement for 2 years Supply Veterinary Medicines
to Abu Dhabi Agriculture and Food Safety",,3,https://www.adgpg.gov.ae/en/For-Suppliers/Public-Tenders?id=1220053?recommendedLimit=3,AED 0 - 0,https://eservice.addigital.gov.ae/,6633835,RFQ,"Healthcare Services - Diagnoses of external causes of morbidity and mortality  ,Drugs and Pharmaceutical Products - Nonsteroidal anti inflammatory drugs NSAIDs,Drugs and Pharmaceutical Products - Drugs affecting the ears,Medical Equipment and Accessories and Supplies - Patient care and treatment products and supplies,Management and Business Professionals and Administrative Services - Real estate services,Drugs and Pharmaceutical Products - Antiseptics,Cleaning Equipment and Supplies - Water and wastewater treatment supply and disposal","خدمات رعاية صحية - تشخيص الأسباب الخارجية للاعتلال والوفاة,أدوية ومنتجات صيدلانية - أدوية مضادة للالتهاب غير سويتريدية,أدوية ومنتجات صيدلانية - eye,معدات ومستلزمات وتجهيزات طبية - منتجات وتجهيزات رعاية وعلاج المرضى,خدمات اختصاصيي إدارة وأعمال وخدمات إدارية - خدمات عقارية,أدوية ومنتجات صيدلانية - مطهرات,معدات ومستزمات التنظيف - إمداد معالجة و صرف المياه ومياه الصرف الصحي","[85000000, 51000000, 51000000, 42000000, 80000000, 51000000, 47000000]",Open,[],[],AbuDhabi,RFQ-Blanket Agreement to Supply Veterinary Medicines for 2 years,6613359-2
1220078,RFQ-Supply of Fruits and Dates - Framework Agreement 2 Years,635105000101,ADPIC - Department of Municipalities and Transport (DMT),ADPICDepartmentOfMunicipalitiesAndTransportDMT,OPEN,2025-12-30T00:00:00Z,Supply of Fruits and Dates - Framework Agreement 2 Years,,2,https://www.adgpg.gov.ae/en/For-Suppliers/Public-Tenders?id=1220078?recommendedLimit=3,AED 0 - 0,https://iaaibv.fa.ocs.oraclecloud29.com/fscmUI/faces/deeplink?objType=NEGOTIATION_SUPPLIERUSER&action=VIEW&objKey=AuctionHeaderId=381013,381013,RFQ,Travel and Food and Lodging and Entertainment Services - Restaurants and catering,خدمات السفر والطعام والإقامة والترفيه - مطاعم وتموين,[90000000],Open,[],[],AbuDhabi,RFQ-Supply of Fruits and Dates - Framework Agreement 2 Years,635105000101
1220062,RFQ-Basic Insurance Policy Management,651105000163,Department of Health,651,OPEN,2026-01-09T00:00:00Z,,,12,https://www.adgpg.gov.ae/en/For-Suppliers/Public-Tenders?id=1220062?recommendedLimit=3,AED 0 - 0,https://iaaibv.fa.ocs.oraclecloud29.com/fscmUI/faces/deeplink?objType=NEGOTIATION_SUPPLIERUSER&action=VIEW&objKey=AuctionHeaderId=381014,381014,RFQ,Management and Business Professionals and Administrative Services - Legal services,خدمات اختصاصيي إدارة وأعمال وخدمات إدارية - خدمات قانونية,[80000000],Open,[],[],AbuDhabi,RFQ-Basic Insurance Policy Management,651105000163
1219423,RFI-ADCMC Booklets,327105000026,Emergencies Crises and Disasters Management Centre Abu Dhabi,EmergenciesCrisesAndDisastersManagementCentreAbuDhabi,OPEN,2026-01-06T00:00:00Z,To propose booklets design and concepts.,,9,https://www.adgpg.gov.ae/en/For-Suppliers/Public-Tenders?id=1219423?recommendedLimit=3,AED 0 - 0,https://iaaibv.fa.ocs.oraclecloud29.com/fscmUI/faces/deeplink?objType=NEGOTIATION_SUPPLIERUSER&action=VIEW&objKey=AuctionHeaderId=300000331326718,300000331326718,RFI,,,[],Open,[],[],AbuDhabi,RFI-ADCMC Booklets,327105000026
1220069,RFQ-Supply of Home Appliances - Madinat Zayed and Al Dannah city,133105000062,Ruler's Representative Court Al Dhafra Region,RulersRepresentativeCourtAlDhafraRegion,OPEN,2025-12-29T00:00:00Z,"Supply of Home Appliances - Madinat Zayed and Al Dannah city 
",,1,https://www.adgpg.gov.ae/en/For-Suppliers/Public-Tenders?id=1220069?recommendedLimit=3,AED 0 - 0,https://iaaibv.fa.ocs.oraclecloud29.com/fscmUI/faces/deeplink?objType=NEGOTIATION_SUPPLIERUSER&action=VIEW&objKey=AuctionHeaderId=300000337062189,300000337062189,RFQ,"Cleaning Equipment and Supplies - Industrial laundry and dry cleaning equipment,Food Beverage and Tobacco Products - Beverages,Apparel and Luggage and Personal Care Products - Clothing,Furniture and Furnishings - Decorative adornments,Material Handling and Conditioning and Storage Machinery and their Accessories and Supplies - Industrial refrigeration,Mineral and Textile and Inedible Plant and Animal Materials - Minerals and ores and metals,Cleaning Equipment and Supplies - Cleaning and janitorial supplies,Industrial Manufacturing and Processing Machinery and Accessories - Industrial food and beverage equipment,Distribution and Conditioning Systems and Equipment and Components - Heating and ventilation and air circulation,Land and Buildings and Structures and Thoroughfares - Prefabricated buildings and structures,Structures and Building and Construction and Manufacturing Components and Supplies - Structural components and basic shapes,Travel and Food and Lodging and Entertainment Services - Restaurants and catering","معدات ومستزمات التنظيف - معدات الغسيل الصناعي والتنظيف الجاف,أطعمة ومشروبات ومنتجات التبغ - مشروبات,منتجات ملابس وأمتعة وعناية شخصية - ملابس,أثاث وتأثيث - زخارف تزيينية,آلات وتجهيزات مناولة المواد والتكييف والتخزين - تبريد صناعي,معادن ومنسوجات ومواد نباتية وحيوانية غير صالحة للأكل - معادن وخامات وفلزات,معدات ومستزمات التنظيف - تجهيزات النظافة ومهام النظافة,آلات ومستلزمات الصناعات التحويلية وآلات المعالجة - معدات الأغذية والمشروبات الصناعية,أنظمة ومعدات ومكونات التوزيع والتكييف - تدفئة وتهوية وتدوير الهواء,أراضي ومباني ومنشآت وطرق عامة - مباني والهياكل مسبقة التجهيز,مكونات وتجهيزات البناء والمباني والمنشآت والتصنيع - مكونات هيكلية وأشكال أساسية,خدمات السفر والطعام والإقامة والترفيه - مطاعم وتموين","[47000000, 50000000, 53000000, 56000000, 24000000, 11000000, 47000000, 23000000, 40000000, 95000000, 30000000, 90000000]",Open,[],[],AbuDhabi,RFQ-Supply of Home Appliances - Madinat Zayed and Al Dannah city,133105000062
1219617,RFQ-Quality Assurance & Quality Control Services.,6632841,SSA - Social Support Authority ,SSASocialSupportAuthority,OPEN,2026-01-08T00:00:00Z,Quality Assurance & Quality Control Services.,,11,https://www.adgpg.gov.ae/en/For-Suppliers/Public-Tenders?id=1219617?recommendedLimit=3,AED 0 - 0,https://eservice.addigital.gov.ae/,6632841,RFQ,Engineering and Research and Technology Based Services - Computer services,خدمات مستندة إلى الهندسة والبحث والتقنية - خدمات الحاسوب,[81000000],Open,[],[],AbuDhabi,RFQ-Quality Assurance & Quality Control Services.,6632841
1219635,RFQ-DoF - PROVISION OF VEHICLE LEASING AND DRIVER SERVICES 2026,6632825,Department of Finance,211,OPEN,2026-01-08T00:00:00Z,The Department of Finance – Abu Dhabi invites you to participate at the RFP for PROVISION OF VEHICLE LEASING AND DRIVER SERVICES 2026,,11,https://www.adgpg.gov.ae/en/For-Suppliers/Public-Tenders?id=1219635?recommendedLimit=3,AED 0 - 0,https://eservice.addigital.gov.ae/,6632825,RFQ,Transportation and Storage and Mail Services - Transport services,خدمات النقل والتخزين والبريد - خدمات النقل,[78000000],Open,[],[],AbuDhabi,RFQ-DoF - PROVISION OF VEHICLE LEASING AND DRIVER SERVICES 2026,6632825
1219644,"RFQ-SSA CCTV, Access Doors, and Meeting Rooms Solutions",6632844,SSA - Social Support Authority ,SSASocialSupportAuthority,OPEN,2026-01-08T00:00:00Z,"SSA CCTV, Access Doors, and Meeting Rooms Solutions",,11,https://www.adgpg.gov.ae/en/For-Suppliers/Public-Tenders?id=1219644?recommendedLimit=3,AED 0 - 0,https://eservice.addigital.gov.ae/,6632844,RFQ,Information Technology Broadcasting and Telecommunications - Computer Equipment and Accessories,تقنية المعلومات الإذاعة والاتصالات - معدات ومستلزمات الحاسوب,[43000000],Open,[],[],AbuDhabi,"RFQ-SSA CCTV, Access Doors, and Meeting Rooms Solutions",6632844
1219707,RFQ-Training Program: Executive Coaching for Senior Leaders,6632830,Department of Finance,211,OPEN,2026-01-19T00:00:00Z,"The Department of Finance – Abu Dhabi invites you to participate at the RFP for 2026 Training Program: Executive Coaching for Senior Leaders – Confidence, Political Savvy, Emotional Resilience, and People Leadership Excellence",,22,https://www.adgpg.gov.ae/en/For-Suppliers/Public-Tenders?id=1219707?recommendedLimit=3,AED 0 - 0,https://eservice.addigital.gov.ae/,6632830,RFQ,Education and Training Services - Specialized educational services,خدمات تعليم وتدريب - خدمات تعليمية متخصصة,[86000000],Open,[],[],AbuDhabi,RFQ-Training Program: Executive Coaching for Senior Leaders,6632830
1219743,RFQ-G1022025,6622825,ADPIC - Al Ain Municipality (AAM),ADPICAlAinMunicipalityAAM,OPEN,2026-01-26T00:00:00Z,"Construction of Fish, Fruits & Vegetables Market in Al Aamerah Area – Al Ain City",,29,https://www.adgpg.gov.ae/en/For-Suppliers/Public-Tenders?id=1219743?recommendedLimit=3,AED 0 - 0,https://eservice.addigital.gov.ae/,6622825,RFQ,Structures and Building and Construction and Manufacturing Components and Supplies - Roads and landscape,مكونات وتجهيزات البناء والمباني والمنشآت والتصنيع - طرق ومناظر طبيعية,[30000000],Open,[],[],AbuDhabi,RFQ-G1022025,6622825
1219500,RFQ-ابرام عقد توفير الكادر البشري,"6615841,1",Civil Defense ,CivilDefense,OPEN,2025-12-29T00:00:00Z, ابرام عقد توفير الكادر البشري فئة مسعف لهيئة ابوظبي للدفاع المدني,,1,https://www.adgpg.gov.ae/en/For-Suppliers/Public-Tenders?id=1219500?recommendedLimit=3,AED 0 - 0,https://eservice.addigital.gov.ae/,6632824,RFQ,Travel and Food and Lodging and Entertainment Services - Performing arts,خدمات السفر والطعام والإقامة والترفيه - فنون تمثيلية,[90000000],Open,[],[],AbuDhabi,RFQ-ابرام عقد توفير الكادر البشري,"6615841,1"
1219626,RFQ-SSA Building Infrastructure Network Managed Services.,6632842,SSA - Social Support Authority ,SSASocialSupportAuthority,OPEN,2026-01-08T00:00:00Z,,,11,https://www.adgpg.gov.ae/en/For-Suppliers/Public-Tenders?id=1219626?recommendedLimit=3,AED 0 - 0,https://eservice.addigital.gov.ae/,6632842,RFQ,Engineering and Research and Technology Based Services - Computer services,خدمات مستندة إلى الهندسة والبحث والتقنية - خدمات الحاسوب,[81000000],Open,[],[],AbuDhabi,RFQ-SSA Building Infrastructure Network Managed Services.,6632842
1219761,RFQ-تنفيذ مشروع مركز العين وفق المخطاطات,6616822,Zayed Higher Organisation,ZayedHigherOrganisation,OPEN,2026-01-27T00:00:00Z, تنفيذ مشروع مركز العين وفق المخطاطات,,30,https://www.adgpg.gov.ae/en/For-Suppliers/Public-Tenders?id=1219761?recommendedLimit=3,AED 0 - 0,https://eservice.addigital.gov.ae/,6616822,RFQ,Building and Facility Construction and Maintenance Services - Building and facility maintenance and repair services,خدمات إنشاء المباني والمرافق والصيانة - خدمات صيانة المباني والمرافق والإصلاح,[72000000],Open,[],[],AbuDhabi,RFQ-تنفيذ مشروع مركز العين وفق المخطاطات,6616822
1220049,RFQ-G962025,"6615885,1",ADPIC - Al Ain Municipality (AAM),ADPICAlAinMunicipalityAAM,OPEN,2026-01-09T00:00:00Z,مقاول تصميم وانشاء رفع كفاءة الطرق الخارجية في مناطق متفرقة في مدينة العين -مرحلة 2,,12,https://www.adgpg.gov.ae/en/For-Suppliers/Public-Tenders?id=1220049?recommendedLimit=3,AED 0 - 0,https://eservice.addigital.gov.ae/,6632840,RFQ,Structures and Building and Construction and Manufacturing Components and Supplies - Roads and landscape,مكونات وتجهيزات البناء والمباني والمنشآت والتصنيع - طرق ومناظر طبيعية,[30000000],Open,[],[],AbuDhabi,RFQ-G962025,"6615885,1"
1219779,RFQ-إبرام عقد صيانة المركبات التخصصية,6613872-4,Civil Defense ,CivilDefense,OPEN,2026-02-02T00:00:00Z,إبرام عقد صيانة المركبات والآليات التخصصية لهيئة أبوظبي للدفاع المدني,,36,https://www.adgpg.gov.ae/en/For-Suppliers/Public-Tenders?id=1219779?recommendedLimit=3,AED 0 - 0,https://eservice.addigital.gov.ae/,6630844,RFQ,,,[],Open,[],[],AbuDhabi,RFQ-إبرام عقد صيانة المركبات التخصصية,6613872-4
1217083,RFQ-Paper Shredding Services for DMT – 2 Years,635105000099,ADPIC - Department of Municipalities and Transport (DMT),ADPICDepartmentOfMunicipalitiesAndTransportDMT,OPEN,2025-12-29T00:00:00Z,Paper Shredding Services for DMT – 2 Years,,1,https://www.adgpg.gov.ae/en/For-Suppliers/Public-Tenders?id=1217083?recommendedLimit=3,AED 0 - 0,https://iaaibv.fa.ocs.oraclecloud29.com/fscmUI/faces/deeplink?objType=NEGOTIATION_SUPPLIERUSER&action=VIEW&objKey=AuctionHeaderId=377013,377013,RFQ,Management and Business Professionals and Administrative Services - Business administration services,خدمات اختصاصيي إدارة وأعمال وخدمات إدارية - خدمات إدارة أعمال,[80000000],Open,[],[],AbuDhabi,RFQ-Paper Shredding Services for DMT – 2 Years,635105000099
1219788,RFQ-إبرام عقد صيانة المركبات الغير تخصصية,6561343-7,Civil Defense ,CivilDefense,OPEN,2026-02-02T00:00:00Z,إبرام عقد صيانة المركبات والآليات الغير تخصصية لهيئة أبوظبي للدفاع المدني,,36,https://www.adgpg.gov.ae/en/For-Suppliers/Public-Tenders?id=1219788?recommendedLimit=3,AED 0 - 0,https://eservice.addigital.gov.ae/,6630841,RFQ,,,[],Open,[],[],AbuDhabi,RFQ-إبرام عقد صيانة المركبات الغير تخصصية,6561343-7
1219536,RFQ-إدارة وتنفيذ معرض القاهرة الدولي للكتاب 2026,6630835,FATWA - The UAE Council for FATWA ,FATWATheUAECouncilForFATWA,OPEN,2025-12-30T00:00:00Z,إدارة وتنفيذ مشاركة المجلس في معرض القاهرة الدولي للكتاب 2026,,2,https://www.adgpg.gov.ae/en/For-Suppliers/Public-Tenders?id=1219536?recommendedLimit=3,AED 0 - 0,https://eservice.addigital.gov.ae/,6630835,RFQ,Management and Business Professionals and Administrative Services - Marketing and distribution,خدمات اختصاصيي إدارة وأعمال وخدمات إدارية - تسويق وتوزيع,[80000000],Open,[],[],AbuDhabi,RFQ-إدارة وتنفيذ معرض القاهرة الدولي للكتاب 2026,6630835
1219815,RFQ-DMT-RFP-25-060 Upgrade the Infrastructure (ME9-ME12)–MBZ (Construction),6629821,ADPIC - Department of Municipalities and Transport (DMT),ADPICDepartmentOfMunicipalitiesAndTransportDMT,OPEN,2026-02-04T00:00:00Z,"Project Title: Upgrade the Infrastructure in Sectors (ME9-ME12) – MBZ
RFP for Package (43) Main Contractor – Upgrade the infrastructure in Sector ME9 & Z17-01

This RFP is for the construction Package 43 related to the upgrade of infrastructure in Sector ME9 (MBZ City). A detailed and coordinated design has been developed. However, please note that ‘Infrastructure upgrades in ME9 (MBZ City) – Package 43’ is part of a wider programme of works under the wide MBZ City enhancement initiative. In summary, the Scope of Works for the whole of the MBZ City enhancement initiative includes the following: Road condition improvements.
• Public realm improvements (parks, landscaping, walkways and cycle tracks).
• Community Facilities Improvements: construction of more than one hundred community buildings for a variety of uses.
• Traffic and safety improvements around schools.
• Construction of multi-storey car parks.",,38,https://www.adgpg.gov.ae/en/For-Suppliers/Public-Tenders?id=1219815?recommendedLimit=3,AED 0 - 0,https://eservice.addigital.gov.ae/,6629821,RFQ,Building and Facility Construction and Maintenance Services - Heavy construction services,خدمات إنشاء المباني والمرافق والصيانة - خدمات الإنشاء الثقيلة,[72000000],Open,[],[],AbuDhabi,RFQ-DMT-RFP-25-060 Upgrade the Infrastructure (ME9-ME12)–MBZ (Construction),6629821
1219563,RFQ-Provision of Construction Services for Abu Dhabi Pearls Center at Delma Island,6629824,EAD - Environment Agency Abu Dhabi,EADEnvironmentAgencyAbuDhabi,OPEN,2025-12-31T00:00:00Z,"PUBLIC TENDER ANNOUNCEMENT: - Brief Scope:

Environment Agency – Abu Dhabi (EAD) is would like to undertake a project to construct the Lulu Abu Dhabi Pearls Center, a medium-sized facility on Dalma Island dedicated to advancing the traditional pearl industry, fostering public education, and serving as a cultural-tourism landmark. The project comprises a 1,075 sqm main center building housing exhibition galleries, pearl‐processing laboratories and multi-use spaces; an 80 sqm substation building for utility infrastructure; two accommodation and kitchen blocks totaling 510 sqm for on-site staff and guest quarters; approximately 7,500 sqm of landscaped gardens, pathways and outdoor interpretive displays; and 14 shaded parking bays conveniently located close to the main entrance. 

Duration: 10 Months",,3,https://www.adgpg.gov.ae/en/For-Suppliers/Public-Tenders?id=1219563?recommendedLimit=3,AED 0 - 0,https://eservice.addigital.gov.ae/,6629824,RFQ,Building and Facility Construction and Maintenance Services - Nonresidential building construction services,خدمات إنشاء المباني والمرافق والصيانة - خدمات إنشاء مباني غير سكنية,[72000000],Open,[],[],AbuDhabi,RFQ-Provision of Construction Services for Abu Dhabi Pearls Center at Delma Island,6629824
1219527,RFQ-Social Integration (WhatsApp + Teams) – Novomind,6614927-2,Department of Finance,211,OPEN,2025-12-30T00:00:00Z,"The Department of Finance – Abu Dhabi invites you to participate at the RFP for ""Renewal licenses Social Integration """,,2,https://www.adgpg.gov.ae/en/For-Suppliers/Public-Tenders?id=1219527?recommendedLimit=3,AED 0 - 0,https://eservice.addigital.gov.ae/,6630839,RFQ,Engineering and Research and Technology Based Services - Computer services,خدمات مستندة إلى الهندسة والبحث والتقنية - خدمات الحاسوب,[81000000],Open,[],[],AbuDhabi,RFQ-Social Integration (WhatsApp + Teams) – Novomind,6614927-2
1213832,RFQ-Marketing and Communications,"651105000094,1",Department of Health,651,OPEN,2026-01-09T00:00:00Z,,,12,https://www.adgpg.gov.ae/en/For-Suppliers/Public-Tenders?id=1213832?recommendedLimit=3,AED 0 - 0,https://iaaibv.fa.ocs.oraclecloud29.com/fscmUI/faces/deeplink?objType=NEGOTIATION_SUPPLIERUSER&action=VIEW&objKey=AuctionHeaderId=300000320444944,300000320444944,RFQ,Editorial and Design and Graphic and Fine Art Services - Advertising,خدمات تحريرية وتصميم ورسوم وفنون جميلة - إعلان,[82000000],Open,[],[],AbuDhabi,RFQ-Marketing and Communications,"651105000094,1"
1218854,RFQ-Prayer Room Carpet Replacement for DMT,635105000100,ADPIC - Department of Municipalities and Transport (DMT),ADPICDepartmentOfMunicipalitiesAndTransportDMT,OPEN,2025-12-29T00:00:00Z,Prayer Room Carpet Replacement for DMT,,1,https://www.adgpg.gov.ae/en/For-Suppliers/Public-Tenders?id=1218854?recommendedLimit=3,AED 0 - 0,https://iaaibv.fa.ocs.oraclecloud29.com/fscmUI/faces/deeplink?objType=NEGOTIATION_SUPPLIERUSER&action=VIEW&objKey=AuctionHeaderId=379013,379013,RFQ,Building and Facility Construction and Maintenance Services - Specialized trade construction and maintenance services,خدمات إنشاء المباني والمرافق والصيانة - خدمات إنشاء وصيانة تجارية متخصصة,[72000000],Open,[],[],AbuDhabi,RFQ-Prayer Room Carpet Replacement for DMT,635105000100
1215963,"RFQ-International Offices Representation in China, Japan and South Korea",414105000032,Abu Dhabi Investment Office ,AbuDhabiInvestmentOffice,OPEN,2026-01-09T00:00:00Z,,,12,https://www.adgpg.gov.ae/en/For-Suppliers/Public-Tenders?id=1215963?recommendedLimit=3,AED 0 - 0,https://iaaibv.fa.ocs.oraclecloud29.com/fscmUI/faces/deeplink?objType=NEGOTIATION_SUPPLIERUSER&action=VIEW&objKey=AuctionHeaderId=300000296507676,300000296507676,RFQ,Management and Business Professionals and Administrative Services - Management advisory services,خدمات اختصاصيي إدارة وأعمال وخدمات إدارية - خدمات استشارة إدارية,[80000000],Open,[],[],AbuDhabi,"RFQ-International Offices Representation in China, Japan and South Korea",414105000032
1214050,RFQ-INFORMATION & CYBER SECURITY MANAGED SERVICES,651105000159,Department of Health,651,OPEN,2026-01-14T00:00:00Z,"of INFORMATION & CYBER SECURITY MANAGED SERVICES from reliable and capable Managed Service Provider from within UAE, to deliver, manage and mature Information and Cyber Security needs & capabilities for DoH and Abu Dhabi Health Sector, with a defined plan of maturity and excellence.
",,17,https://www.adgpg.gov.ae/en/For-Suppliers/Public-Tenders?id=1214050?recommendedLimit=3,AED 0 - 0,https://iaaibv.fa.ocs.oraclecloud29.com/fscmUI/faces/deeplink?objType=NEGOTIATION_SUPPLIERUSER&action=VIEW&objKey=AuctionHeaderId=300000322180978,300000322180978,RFQ,Engineering and Research and Technology Based Services - Computer services,خدمات مستندة إلى الهندسة والبحث والتقنية - خدمات الحاسوب,[81000000],Open,[],[],AbuDhabi,RFQ-INFORMATION & CYBER SECURITY MANAGED SERVICES,651105000159
1214361,RFQ-FCA Stationary,935105000105,AFCA – Family Care Authority ,AFCAFamilyCareAuthority,OPEN,2026-02-12T00:00:00Z,,,46,https://www.adgpg.gov.ae/en/For-Suppliers/Public-Tenders?id=1214361?recommendedLimit=3,AED 0 - 0,https://iaaibv.fa.ocs.oraclecloud29.com/fscmUI/faces/deeplink?objType=NEGOTIATION_SUPPLIERUSER&action=VIEW&objKey=AuctionHeaderId=373013,373013,RFQ,Office Equipment and Accessories and Supplies - Office supplies,معدات ومستلزمات وتجهيزات مكتبية - تجهيزات مكتبية,[44000000],Open,[],[],AbuDhabi,RFQ-FCA Stationary,935105000105
1211976,RFQ-توريد وتركيب أثاث لفيلا مدينة زايد - منطقة الظفرة,133105000055,Ruler's Representative Court Al Dhafra Region,RulersRepresentativeCourtAlDhafraRegion,OPEN,2026-01-05T00:00:00Z,توريد وتركيب أثاث لفيلا مدينة زايد - منطقة الظفرة ,,8,https://www.adgpg.gov.ae/en/For-Suppliers/Public-Tenders?id=1211976?recommendedLimit=3,AED 0 - 0,https://iaaibv.fa.ocs.oraclecloud29.com/fscmUI/faces/deeplink?objType=NEGOTIATION_SUPPLIERUSER&action=VIEW&objKey=AuctionHeaderId=300000312097130,300000312097130,RFQ,Furniture and Furnishings - Accommodation furniture,أثاث وتأثيث - أثاث سكن,[56000000],Open,[],[],AbuDhabi,RFQ-توريد وتركيب أثاث لفيلا مدينة زايد - منطقة الظفرة,133105000055
1219806,RFQ-DMT-RFP-25-062 Upgrade the Infrastructure (ME9-ME12)–MBZ (Construction),6629822,ADPIC - Department of Municipalities and Transport (DMT),ADPICDepartmentOfMunicipalitiesAndTransportDMT,OPEN,2026-02-04T00:00:00Z,"Project Title: Upgrade the Infrastructure in Sectors (ME9-ME12) – MBZ for Package (47) Main Contractor – Upgrade the infrastructure in Sector ME12.

This RFP is for the construction Package 47 related to the upgrade of infrastructure in Sector ME12 (MBZ City). A detailed and coordinated design has been developed. However, please note that ‘Infrastructure upgrades in ME12 (MBZ City) – Package 47’ is part of a wider programme of works under the wide MBZ City enhancement initiative. In summary, the Scope of Works for the whole of the MBZ City enhancement initiative includes the following:
• Road condition improvements.
• Public realm improvements (parks, landscaping, walkways and cycle tracks).
• Community Facilities Improvements: construction of more than one hundred community buildings for a variety of uses.
• Traffic and safety improvements around schools.
• Construction of multi-storey car parks.",,38,https://www.adgpg.gov.ae/en/For-Suppliers/Public-Tenders?id=1219806?recommendedLimit=3,AED 0 - 0,https://eservice.addigital.gov.ae/,6629822,RFQ,Building and Facility Construction and Maintenance Services - Heavy construction services,خدمات إنشاء المباني والمرافق والصيانة - خدمات الإنشاء الثقيلة,[72000000],Open,[],[],AbuDhabi,RFQ-DMT-RFP-25-062 Upgrade the Infrastructure (ME9-ME12)–MBZ (Construction),6629822
1210340,RFQ-On-Call Services - Professional Expertise to Develop Asset Manag't Practices- R1,635105000035-2,ADPIC - Department of Municipalities and Transport (DMT),ADPICDepartmentOfMunicipalitiesAndTransportDMT,OPEN,2025-12-30T00:00:00Z,"Revision 1 - Additional Scope of Services and Amended Commercial Particulars:

The DMT is working to implement leading industry asset management practices to ensure that municipal assets are maintained efficiently through the assets’ life cycle and continue to provide the required levels of service.

The existing asset management framework and tools implemented within the affiliated entities of DMT setup for further development/improvement of the asset management processes, procedures, and system enhancement including asset inventory & condition, data collection, data analysis, information and maintenance operation management is in progress.",,2,https://www.adgpg.gov.ae/en/For-Suppliers/Public-Tenders?id=1210340?recommendedLimit=3,AED 0 - 0,https://iaaibv.fa.ocs.oraclecloud29.com/fscmUI/faces/deeplink?objType=NEGOTIATION_SUPPLIERUSER&action=VIEW&objKey=AuctionHeaderId=300000314646128,300000314646128,RFQ,Mining and oil and gas services - Well drilling and construction services,خدمات تعدين وبترول وغاز - خدمات حفر وبناء الآبار,[71000000],Open,[],[],AbuDhabi,RFQ-On-Call Services - Professional Expertise to Develop Asset Manag't Practices- R1,635105000035-2
1219599,RFQ-توفير جهاز حفظ الملفات,6615953-3,Civil Defense ,CivilDefense,OPEN,2026-01-06T00:00:00Z,"توفير جهاز حفظ الملفات لهيئة أبوظبي للدفاع المدني
(HANEL ROTOMAT)",,9,https://www.adgpg.gov.ae/en/For-Suppliers/Public-Tenders?id=1219599?recommendedLimit=3,AED 0 - 0,https://eservice.addigital.gov.ae/,6623831,RFQ,Furniture and Furnishings - Accommodation furniture,أثاث وتأثيث - أثاث سكن,[56000000],Open,[],[],AbuDhabi,RFQ-توفير جهاز حفظ الملفات,6615953-3
1219698,"RFQ-ITC/T/ITS/1190/25 - Design, Implementation & Technical Support for TDPMS",6620824,ITC - Integrated transport center ,ITCIntegratedTransportCenter,OPEN,2026-01-14T00:00:00Z,"Design, Implementation and Technical Support Services for Traffic Detours and Events Permit Management Systems (TDPMS) for the Emirate of Abu Dhabi",,17,https://www.adgpg.gov.ae/en/For-Suppliers/Public-Tenders?id=1219698?recommendedLimit=3,AED 0 - 0,https://eservice.addigital.gov.ae/,6620824,RFQ,Engineering and Research and Technology Based Services - Professional engineering services,خدمات مستندة إلى الهندسة والبحث والتقنية - خدمات هندسية مهنية,[81000000],Open,[],[],AbuDhabi,"RFQ-ITC/T/ITS/1190/25 - Design, Implementation & Technical Support for TDPMS",6620824
1209298,RFQ-Provision of ServiceNow Platform Services,246705000003,Department of Government Enablement - GovProcurement,DepartmentOfGovernmentEnablementGovProcurement,OPEN,2026-01-12T00:00:00Z,"The Department of Government Enablement has published this RFP for developing a government wide pricelist. The developed government wide pricelist will be utilized by all Abu Dhabi Government Entities for procuring the ServiceNow Platform Services based on their demand/requirement. Through this RFP, the Department of Government Enablement intends to select competent suppliers, unify the scope of services, and standardize the prices across all Abu Dhabi Government Entities to maximize spend efficiency.
As an outcome of the RFP process and based on the evaluations, the Department of Government Enablement may award multiple suppliers for providing the ServiceNow Platform Services to the Abu Dhabi Government Entities.
",,15,https://www.adgpg.gov.ae/en/For-Suppliers/Public-Tenders?id=1209298?recommendedLimit=3,AED 0 - 0,https://iaaibv.fa.ocs.oraclecloud29.com/fscmUI/faces/deeplink?objType=NEGOTIATION_SUPPLIERUSER&action=VIEW&objKey=AuctionHeaderId=300000310082213,300000310082213,RFQ,Information Technology Broadcasting and Telecommunications - Software,تقنية المعلومات الإذاعة والاتصالات - برامج,[43000000],Open,[],[],AbuDhabi,RFQ-Provision of ServiceNow Platform Services,246705000003
1207435,RFQ-International Patient Care (IPC) System,651105000156,Department of Health,651,OPEN,2026-01-07T00:00:00Z,"of qualified vendor to recover and complete the partially developed IPC System built on the OutSystems platform. The objective is to rework, remediate, stabilize, and deploy the existing system, not rebuild it from scratch. The selected partner must demonstrate proven OutSystems delivery experience, strong project recovery capability, and the ability to deploy an MVP-ready solution as quickly as possible in alignment with DoH’s standards and security requirements.",,10,https://www.adgpg.gov.ae/en/For-Suppliers/Public-Tenders?id=1207435?recommendedLimit=3,AED 0 - 0,https://iaaibv.fa.ocs.oraclecloud29.com/fscmUI/faces/deeplink?objType=NEGOTIATION_SUPPLIERUSER&action=VIEW&objKey=AuctionHeaderId=300000311089118,300000311089118,RFQ,Management and Business Professionals and Administrative Services - Human resources services,خدمات اختصاصيي إدارة وأعمال وخدمات إدارية - خدمات موارد بشرية,[80000000],Open,[],[],AbuDhabi,RFQ-International Patient Care (IPC) System,651105000156
1219662,RFQ-G922025,"6614353,1",ADPIC - Al Ain Municipality (AAM),ADPICAlAinMunicipalityAAM,OPEN,2026-01-09T00:00:00Z,تصميم و إنشاء بحيرات متفرقة في مدينة العين-مقاول,,12,https://www.adgpg.gov.ae/en/For-Suppliers/Public-Tenders?id=1219662?recommendedLimit=3,AED 0 - 0,https://eservice.addigital.gov.ae/,6617857,RFQ,Structures and Building and Construction and Manufacturing Components and Supplies - Roads and landscape,مكونات وتجهيزات البناء والمباني والمنشآت والتصنيع - طرق ومناظر طبيعية,[30000000],Open,[],[],AbuDhabi,RFQ-G922025,"6614353,1"
1206792,RFQ-DMT Media Affairs - Urban Plan Capital (UPC) Website,"635105000078,2",ADPIC - Department of Municipalities and Transport (DMT),ADPICDepartmentOfMunicipalitiesAndTransportDMT,OPEN,2026-01-07T00:00:00Z,DMT Media Affairs - Urban Plan Capital (UPC) Website,,10,https://www.adgpg.gov.ae/en/For-Suppliers/Public-Tenders?id=1206792?recommendedLimit=3,AED 0 - 0,https://iaaibv.fa.ocs.oraclecloud29.com/fscmUI/faces/deeplink?objType=NEGOTIATION_SUPPLIERUSER&action=VIEW&objKey=AuctionHeaderId=300000310831199,300000310831199,RFQ,Management and Business Professionals and Administrative Services - Marketing and distribution,خدمات اختصاصيي إدارة وأعمال وخدمات إدارية - تسويق وتوزيع,[80000000],Open,[],[],AbuDhabi,RFQ-DMT Media Affairs - Urban Plan Capital (UPC) Website,"635105000078,2"
1211427,RFQ-Supply and installation of new LED Screen & Visual Technology at DMT Boardroom,635105000079,ADPIC - Department of Municipalities and Transport (DMT),ADPICDepartmentOfMunicipalitiesAndTransportDMT,OPEN,2025-12-29T00:00:00Z,Supply and installation of new LED Screen & Visual Technology at DMT Boardroom,,1,https://www.adgpg.gov.ae/en/For-Suppliers/Public-Tenders?id=1211427?recommendedLimit=3,AED 0 - 0,https://iaaibv.fa.ocs.oraclecloud29.com/fscmUI/faces/deeplink?objType=NEGOTIATION_SUPPLIERUSER&action=VIEW&objKey=AuctionHeaderId=300000291232097,300000291232097,RFQ,Printing and Photographic and Audio and Visual Equipment and Supplies - Audio and visual presentation and composing equipment,معدات ومستلزمات طباعة وتصوير فوتوغرافي وأجهزة سمعية وبصرية - معدات العروض السمعية والبصرية والتأليف,[45000000],Open,[],[],AbuDhabi,RFQ-Supply and installation of new LED Screen & Visual Technology at DMT Boardroom,635105000079
1204870,"RFQ-Excellence Programs, Internal Awards",246105000205,Department of Government Enablement - GovProcurement,DepartmentOfGovernmentEnablementGovProcurement,OPEN,2026-01-05T00:00:00Z,,,8,https://www.adgpg.gov.ae/en/For-Suppliers/Public-Tenders?id=1204870?recommendedLimit=3,AED 0 - 0,https://iaaibv.fa.ocs.oraclecloud29.com/fscmUI/faces/deeplink?objType=NEGOTIATION_SUPPLIERUSER&action=VIEW&objKey=AuctionHeaderId=356014,356014,RFQ,Management and Business Professionals and Administrative Services - Management advisory services,خدمات اختصاصيي إدارة وأعمال وخدمات إدارية - خدمات استشارة إدارية,[80000000],Open,[],[],AbuDhabi,"RFQ-Excellence Programs, Internal Awards",246105000205
1208682,RFQ-Project Management Consultancy (PMC) for Special Projects,436105000034,Department of Energy,436,OPEN,2026-01-08T00:00:00Z,,,11,https://www.adgpg.gov.ae/en/For-Suppliers/Public-Tenders?id=1208682?recommendedLimit=3,AED 0 - 0,https://iaaibv.fa.ocs.oraclecloud29.com/fscmUI/faces/deeplink?objType=NEGOTIATION_SUPPLIERUSER&action=VIEW&objKey=AuctionHeaderId=340015,340015,RFQ,Management and Business Professionals and Administrative Services - Management advisory services,خدمات اختصاصيي إدارة وأعمال وخدمات إدارية - خدمات استشارة إدارية,[80000000],Open,[],[],AbuDhabi,RFQ-Project Management Consultancy (PMC) for Special Projects,436105000034
1219797,RFQ-DMT-RFP-25-061 - Upgrade the Infrastructure (ME9-ME12)–MBZ (Construction),6624821,ADPIC - Department of Municipalities and Transport (DMT),ADPICDepartmentOfMunicipalitiesAndTransportDMT,OPEN,2026-02-04T00:00:00Z,"Project: Upgrade the Infrastructure in Sectors (ME9-ME12) – MBZ
Package: Main Contractor – Upgrade the infrastructure in Sectors ME10 & ME11 (Package 44)

This RFP is for the construction Package 44 related to the upgrade of infrastructure in Sectors ME10&ME11 (MBZ City). A detailed and coordinated design has been developed. However, please note that ‘Infrastructure upgrades in ME10&ME11 (MBZ City) – Package 44’ is part of a wider programme of works under the wide MBZ City enhancement initiative. In summary, the Scope of Works for the whole of the MBZ City enhancement initiative includes the following:
- Road condition improvements.
- Public realm improvements (parks, landscaping, walkways and cycle tracks).
- Community Facilities Improvements: construction of more than one hundred community buildings for a variety of uses.
- Traffic and safety improvements around schools.
- Construction of multi-storey car parks.",,38,https://www.adgpg.gov.ae/en/For-Suppliers/Public-Tenders?id=1219797?recommendedLimit=3,AED 0 - 0,https://eservice.addigital.gov.ae/,6624821,RFQ,Building and Facility Construction and Maintenance Services - Heavy construction services,خدمات إنشاء المباني والمرافق والصيانة - خدمات الإنشاء الثقيلة,[72000000],Open,[],[],AbuDhabi,RFQ-DMT-RFP-25-061 - Upgrade the Infrastructure (ME9-ME12)–MBZ (Construction),6624821
1202697,RFQ-Digital Platforms Operations (Managed Services),246105000194,Department of Government Enablement - GovProcurement,DepartmentOfGovernmentEnablementGovProcurement,OPEN,2026-01-14T00:00:00Z,,,17,https://www.adgpg.gov.ae/en/For-Suppliers/Public-Tenders?id=1202697?recommendedLimit=3,AED 0 - 0,https://iaaibv.fa.ocs.oraclecloud29.com/fscmUI/faces/deeplink?objType=NEGOTIATION_SUPPLIERUSER&action=VIEW&objKey=AuctionHeaderId=340017,340017,RFQ,Mining and oil and gas services - Well drilling and construction services,خدمات تعدين وبترول وغاز - خدمات حفر وبناء الآبار,[71000000],Open,[],[],AbuDhabi,RFQ-Digital Platforms Operations (Managed Services),246105000194
1204861,RFQ-Value Stream Documentation,"246105000201,2",Department of Government Enablement - GovProcurement,DepartmentOfGovernmentEnablementGovProcurement,OPEN,2026-01-05T00:00:00Z,,,8,https://www.adgpg.gov.ae/en/For-Suppliers/Public-Tenders?id=1204861?recommendedLimit=3,AED 0 - 0,https://iaaibv.fa.ocs.oraclecloud29.com/fscmUI/faces/deeplink?objType=NEGOTIATION_SUPPLIERUSER&action=VIEW&objKey=AuctionHeaderId=300000307376747,300000307376747,RFQ,Management and Business Professionals and Administrative Services - Business administration services,خدمات اختصاصيي إدارة وأعمال وخدمات إدارية - خدمات إدارة أعمال,[80000000],Open,[],[],AbuDhabi,RFQ-Value Stream Documentation,"246105000201,2"
1202868,RFQ-Supply and Installation of Smart Film on Glass Partitions in Meeting Rooms,935105000100,AFCA – Family Care Authority ,AFCAFamilyCareAuthority,OPEN,2026-01-08T00:00:00Z,,,11,https://www.adgpg.gov.ae/en/For-Suppliers/Public-Tenders?id=1202868?recommendedLimit=3,AED 0 - 0,https://iaaibv.fa.ocs.oraclecloud29.com/fscmUI/faces/deeplink?objType=NEGOTIATION_SUPPLIERUSER&action=VIEW&objKey=AuctionHeaderId=346015,346015,RFQ,Engineering and Research and Technology Based Services - Computer services,خدمات مستندة إلى الهندسة والبحث والتقنية - خدمات الحاسوب,[81000000],Open,[],[],AbuDhabi,RFQ-Supply and Installation of Smart Film on Glass Partitions in Meeting Rooms,935105000100
1219482,RFQ-ADEK/2025/3647 - Unified School Application Process - Phase 1,6616913,ADEC - Abu Dhabi Education Council ,ADECAbuDhabiEducationCouncil,OPEN,2025-12-29T00:00:00Z,ADEK/2025/3647 - Unified School Application Process - Phase 1,,1,https://www.adgpg.gov.ae/en/For-Suppliers/Public-Tenders?id=1219482?recommendedLimit=3,AED 0 - 0,https://eservice.addigital.gov.ae/,6616913,RFQ,,,[],Open,[],[],AbuDhabi,RFQ-ADEK/2025/3647 - Unified School Application Process - Phase 1,6616913
1202688,RFQ-DGE Services Documentation – Service Factory,246105000193,Department of Government Enablement - GovProcurement,DepartmentOfGovernmentEnablementGovProcurement,OPEN,2026-01-05T00:00:00Z,,,8,https://www.adgpg.gov.ae/en/For-Suppliers/Public-Tenders?id=1202688?recommendedLimit=3,AED 0 - 0,https://iaaibv.fa.ocs.oraclecloud29.com/fscmUI/faces/deeplink?objType=NEGOTIATION_SUPPLIERUSER&action=VIEW&objKey=AuctionHeaderId=340014,340014,RFQ,Management and Business Professionals and Administrative Services - Management advisory services,خدمات اختصاصيي إدارة وأعمال وخدمات إدارية - خدمات استشارة إدارية,[80000000],Open,[],[],AbuDhabi,RFQ-DGE Services Documentation – Service Factory,246105000193
1219680,RFQ-G952025,6615844,ADPIC - Al Ain Municipality (AAM),ADPICAlAinMunicipalityAAM,OPEN,2026-01-09T00:00:00Z,تصميم وانشاء رفع كفاءة الطرق الخارجية في مناطق متفرقة في العين مرحلة 2-استشاري,,12,https://www.adgpg.gov.ae/en/For-Suppliers/Public-Tenders?id=1219680?recommendedLimit=3,AED 0 - 0,https://eservice.addigital.gov.ae/,6615844,RFQ,Structures and Building and Construction and Manufacturing Components and Supplies - Roads and landscape,مكونات وتجهيزات البناء والمباني والمنشآت والتصنيع - طرق ومناظر طبيعية,[30000000],Open,[],[],AbuDhabi,RFQ-G952025,6615844
1219716,RFQ-إدارة وتشغيل الخدمات البيطرية العلاجية,6615948,ADAFSA - Abu Dhabi Agriculture And Food Safety Authority ,ADAFSAAbuDhabiAgricultureAndFoodSafetyAuthority,OPEN,2026-01-19T00:00:00Z,"إدارة وتشغيل الخدمات البيطرية العلاجية 
3 مواقع في ابوظبي مشمولة في هذا الطلب 
1.	مستشفى الوثبة البيطري
2.	عيادة ظهارة الطيب 
3.	صالة الفحص بمنطقة الوافية  التابعة لمستشفى الوثبة",,22,https://www.adgpg.gov.ae/en/For-Suppliers/Public-Tenders?id=1219716?recommendedLimit=3,AED 0 - 0,https://eservice.addigital.gov.ae/,6615948,RFQ,Farming and Fishing and Forestry and Wildlife Contracting Services - Livestock services,خدمات تعاقد الزراعة وصيد الأسماك والغابات والحياة البرية - خدمات الماشية,[70000000],Open,[],[],AbuDhabi,RFQ-إدارة وتشغيل الخدمات البيطرية العلاجية,6615948
1202877,"RFQ-Supply, Fabrication, Delivery, and Installation of Joinery Works",935105000101,AFCA – Family Care Authority ,AFCAFamilyCareAuthority,OPEN,2026-01-08T00:00:00Z,,,11,https://www.adgpg.gov.ae/en/For-Suppliers/Public-Tenders?id=1202877?recommendedLimit=3,AED 0 - 0,https://iaaibv.fa.ocs.oraclecloud29.com/fscmUI/faces/deeplink?objType=NEGOTIATION_SUPPLIERUSER&action=VIEW&objKey=AuctionHeaderId=346016,346016,RFQ,Engineering and Research and Technology Based Services - Computer services,خدمات مستندة إلى الهندسة والبحث والتقنية - خدمات الحاسوب,[81000000],Open,[],[],AbuDhabi,"RFQ-Supply, Fabrication, Delivery, and Installation of Joinery Works",935105000101
1219734,RFQ-تعيين مقاول للمباني في مضمار تل مرعب,6615871,ADPIC - Abu Dhabi Sports Council,ADPICAbuDhabiSportsCouncil,OPEN,2026-01-19T00:00:00Z,تعيين مقاول لمشروع المباني الخدمية لخدمة مضمار الدراجات الهوائية في تل مرعب,,22,https://www.adgpg.gov.ae/en/For-Suppliers/Public-Tenders?id=1219734?recommendedLimit=3,AED 0 - 0,https://eservice.addigital.gov.ae/,6615871,RFQ,,,[],Open,[],[],AbuDhabi,RFQ-تعيين مقاول للمباني في مضمار تل مرعب,6615871
1219770,RFQ-DMT-RFP-25-223 Underpass (Intersection of Khaleej Al Arabi/Sheik Shakhbout),6614985,ADPIC - Department of Municipalities and Transport (DMT),ADPICDepartmentOfMunicipalitiesAndTransportDMT,OPEN,2026-01-27T00:00:00Z,"Project: Development of the Tunnel at the Intersection of Khaleej Al Arabi with Sheikh Shakhbout Bin Sultan Street and Two Bridges (RFP for Construction of Underpass). The objective of the Khaleej Al Arabi Junction Improvements – Construction of Underpass Project is to enhance connectivity and accessibility whilst reducing traffic congestion from Abu Dhabi Island as part of the “Plan Capital” urban structure framework.
The Department of Municipalities and Transport (DMT) is seeking the services of a capable and experienced Contractor, with a reputable experience to construct the Khaleej Al Arabi Underpass to serve the future development of Hudairiyat island. The proposed underpass is planned to be 2x2 carriageways starting from IP 79 to IP 134 to serve the future development of Hudairiyat island. The underpass will contribute to enhance the traffic flow along Shakhbout Bin Sultan Street especially at the signalized junction IP 79, IP 135, and IP 134.

",,30,https://www.adgpg.gov.ae/en/For-Suppliers/Public-Tenders?id=1219770?recommendedLimit=3,AED 0 - 0,https://eservice.addigital.gov.ae/,6614985,RFQ,Building and Facility Construction and Maintenance Services - Heavy construction services,خدمات إنشاء المباني والمرافق والصيانة - خدمات الإنشاء الثقيلة,[72000000],Open,[],[],AbuDhabi,RFQ-DMT-RFP-25-223 Underpass (Intersection of Khaleej Al Arabi/Sheik Shakhbout),6614985
1219590,RFQ-Traffic Systems Operation Services for TMC in Abu Dhabi & Al Dhafra Regions,6614850,ITC - Integrated transport center ,ITCIntegratedTransportCenter,OPEN,2026-01-06T00:00:00Z,Traffic System Operation Services for Traffic Management Center (TMC) in Abu Dhabi & Al Dhafra Regions.,,9,https://www.adgpg.gov.ae/en/For-Suppliers/Public-Tenders?id=1219590?recommendedLimit=3,AED 0 - 0,https://eservice.addigital.gov.ae/,6614850,RFQ,Defense and Law Enforcement and Security and Safety Equipment and Supplies - Public safety and control,معدات ومستلزمات الدفاع وتطبيق القانون والأمن والسلامة - السلامة والرقابة العامة,[46000000],Open,[],[],AbuDhabi,RFQ-Traffic Systems Operation Services for TMC in Abu Dhabi & Al Dhafra Regions,6614850
1219608,RFQ-ITC/T/ITS/1174/25 - Integrated Traffic Control Service Cabinets,6614352,ADPIC - Integrated Transport Center (ITC),ADPICIntegratedTransportCenterITC,OPEN,2026-01-07T00:00:00Z,"Design, Supply, Installation, Testing, and Commissioning of Integrated Traffic Control Service Cabinets at Key Intersections in Abu Dhabi Island",,10,https://www.adgpg.gov.ae/en/For-Suppliers/Public-Tenders?id=1219608?recommendedLimit=3,AED 0 - 0,https://eservice.addigital.gov.ae/,6614352,RFQ,Engineering and Research and Technology Based Services - Manufacturing technologies,خدمات مستندة إلى الهندسة والبحث والتقنية - تقنيات التصنيع,[81000000],Open,[],[],AbuDhabi,RFQ-ITC/T/ITS/1174/25 - Integrated Traffic Control Service Cabinets,6614352
1202859,RFQ-Supply and Installation of Furniture,935105000098,AFCA – Family Care Authority ,AFCAFamilyCareAuthority,OPEN,2026-01-08T00:00:00Z,,,11,https://www.adgpg.gov.ae/en/For-Suppliers/Public-Tenders?id=1202859?recommendedLimit=3,AED 0 - 0,https://iaaibv.fa.ocs.oraclecloud29.com/fscmUI/faces/deeplink?objType=NEGOTIATION_SUPPLIERUSER&action=VIEW&objKey=AuctionHeaderId=346013,346013,RFQ,Engineering and Research and Technology Based Services - Computer services,خدمات مستندة إلى الهندسة والبحث والتقنية - خدمات الحاسوب,[81000000],Open,[],[],AbuDhabi,RFQ-Supply and Installation of Furniture,935105000098
1219725,RFQ-Re Tender -DCD/2025/0619-Damj Award Event Q1 2026,6616906,DCD- Department of Community Development,DCDDepartmentOfCommunityDevelopment,OPEN,2026-01-19T00:00:00Z,"An approved initiative under the Abu Dhabi People of Determination Strategy launched by His Highness Sheikh Mohamed bin Zayed Al Nahyan in 2020, the Abu Dhabi Excellence Award for People of Determination Inclusion is a dedicated scheme recognizing and rewarding outstanding public, private, and third sector entities for their achievements in following: 
•	Inclusive Services - 6 awards
o	Best Inclusive Healthcare Service 
o	Best inclusive Education Service 
o	Best Inclusive Entertainment/Tourism Service 
o	Best Inclusive Mobility and Transport Service 
o	Best Inclusive Service in the Third Sector
•	Inclusive Employment - 2 awards
o	Best Inclusive Work Environment for Employing People of Determination
•	Accessibility in Physical & Digital Environments - 2 awards
o	Best Entity for Accessible Environment (Physical & Digital)
The award has a strategic Impact to the emirate of Abu Dhabi as It reinforces the sustainability of inclusion efforts across all sectors, ensuring lasting impact for People of Determination, also It will elevate Abu Dhabi as a pioneer in building inclusive urban communities globally.

",,22,https://www.adgpg.gov.ae/en/For-Suppliers/Public-Tenders?id=1219725?recommendedLimit=3,AED 0 - 0,https://eservice.addigital.gov.ae/,6616906,RFQ,Management and Business Professionals and Administrative Services - Marketing and distribution,خدمات اختصاصيي إدارة وأعمال وخدمات إدارية - تسويق وتوزيع,[80000000],Open,[],[],AbuDhabi,RFQ-Re Tender -DCD/2025/0619-Damj Award Event Q1 2026,6616906
1219671,RFQ-DMT-RFP-25-104 Construction Package Roads & Infra for industrial plots,6614363,ADPIC - Department of Municipalities and Transport (DMT),ADPICDepartmentOfMunicipalitiesAndTransportDMT,OPEN,2026-01-09T00:00:00Z,DMT-RFP-25-104  Design and construction of roads and infrastructure for industrial plots in North Al Faya- Al Ausheish,,12,https://www.adgpg.gov.ae/en/For-Suppliers/Public-Tenders?id=1219671?recommendedLimit=3,AED 0 - 0,https://eservice.addigital.gov.ae/,6614363,RFQ,Building and Facility Construction and Maintenance Services - Heavy construction services,خدمات إنشاء المباني والمرافق والصيانة - خدمات الإنشاء الثقيلة,[72000000],Open,[],[],AbuDhabi,RFQ-DMT-RFP-25-104 Construction Package Roads & Infra for industrial plots,6614363
1202886,"RFQ-Supply and installation of acoustic wall panels for offices and meeting rooms, i",935105000102,AFCA – Family Care Authority ,AFCAFamilyCareAuthority,OPEN,2025-12-29T00:00:00Z,,,1,https://www.adgpg.gov.ae/en/For-Suppliers/Public-Tenders?id=1202886?recommendedLimit=3,AED 0 - 0,https://iaaibv.fa.ocs.oraclecloud29.com/fscmUI/faces/deeplink?objType=NEGOTIATION_SUPPLIERUSER&action=VIEW&objKey=AuctionHeaderId=345016,345016,RFQ,Engineering and Research and Technology Based Services - Computer services,خدمات مستندة إلى الهندسة والبحث والتقنية - خدمات الحاسوب,[81000000],Open,[],[],AbuDhabi,"RFQ-Supply and installation of acoustic wall panels for offices and meeting rooms, i",935105000102
1202841,RFQ-Facility Management (FM) Services for a 2 Years Term,935105000085,AFCA – Family Care Authority ,AFCAFamilyCareAuthority,OPEN,2025-12-29T00:00:00Z,,,1,https://www.adgpg.gov.ae/en/For-Suppliers/Public-Tenders?id=1202841?recommendedLimit=3,AED 0 - 0,https://iaaibv.fa.ocs.oraclecloud29.com/fscmUI/faces/deeplink?objType=NEGOTIATION_SUPPLIERUSER&action=VIEW&objKey=AuctionHeaderId=294018,294018,RFQ,Engineering and Research and Technology Based Services - Manufacturing technologies,خدمات مستندة إلى الهندسة والبحث والتقنية - تقنيات التصنيع,[81000000],Open,[],[],AbuDhabi,RFQ-Facility Management (FM) Services for a 2 Years Term,935105000085
1219581,RFQ-ITC/T/ITS/1178/25 - Maps Data as a Service (MDaaS),6613722,ITC - Integrated transport center ,ITCIntegratedTransportCenter,OPEN,2026-01-15T00:00:00Z,"Development, Integration, Enhancement, Operation, Support and Maintenance Services of Maps Data as a Service (MDaaS)",,18,https://www.adgpg.gov.ae/en/For-Suppliers/Public-Tenders?id=1219581?recommendedLimit=3,AED 0 - 0,https://eservice.addigital.gov.ae/,6613722,RFQ,Information Technology Broadcasting and Telecommunications - Software,تقنية المعلومات الإذاعة والاتصالات - برامج,[43000000],Open,[],[],AbuDhabi,RFQ-ITC/T/ITS/1178/25 - Maps Data as a Service (MDaaS),6613722
1219473,RFI-Establishment of a Central Honeybee Pest and Disease Laboratory,6614333,ADAFSA - Abu Dhabi Agriculture And Food Safety Authority ,ADAFSAAbuDhabiAgricultureAndFoodSafetyAuthority,OPEN,2025-12-28T00:00:00Z,,,0,https://www.adgpg.gov.ae/en/For-Suppliers/Public-Tenders?id=1219473?recommendedLimit=3,AED 0 - 0,https://eservice.addigital.gov.ae/,6614333,RFI,,,[],Open,[],[],AbuDhabi,RFI-Establishment of a Central Honeybee Pest and Disease Laboratory,6614333
1219572,RFI-برنامج الآفاق الجمركية - Customs Horizon Program,6613723,ADCTS - General Administration of Customs ,ADCTSGeneralAdministrationOfCustoms,OPEN,2026-01-05T00:00:00Z,برنامج الآفاق الجمركية - Customs Horizon Program,,8,https://www.adgpg.gov.ae/en/For-Suppliers/Public-Tenders?id=1219572?recommendedLimit=3,AED 0 - 0,https://eservice.addigital.gov.ae/,6613723,RFI,,,[],Open,[],[],AbuDhabi,RFI-برنامج الآفاق الجمركية - Customs Horizon Program,6613723
1219545,RFQ-توفير مستلزمات واداوت مرشدي السلامة,6593120,Civil Defense ,CivilDefense,OPEN,2026-01-03T00:00:00Z,توفير مستلزمات واداوت مرشدي السلامة لهيئة أبوظبي للدفاع المدني,,6,https://www.adgpg.gov.ae/en/For-Suppliers/Public-Tenders?id=1219545?recommendedLimit=3,AED 0 - 0,https://eservice.addigital.gov.ae/,6593120,RFQ,"Defense and Law Enforcement and Security and Safety Equipment and Supplies - Fire protection,Defense and Law Enforcement and Security and Safety Equipment and Supplies - Workplace safety equipment and supplies and training materials","معدات ومستلزمات الدفاع وتطبيق القانون والأمن والسلامة - الحماية من الحريق,معدات ومستلزمات الدفاع وتطبيق القانون والأمن والسلامة - معدات ومستلزمات ومواد تدريب السلامة في مكان العمل","[46000000, 46000000]",Open,[],[],AbuDhabi,RFQ-توفير مستلزمات واداوت مرشدي السلامة,6593120
1219491,RFQ-DMT-RFP-25-178 Construction of Asphalt Roads for Farms in Mahadir Liwa,6613877,ADPIC - Department of Municipalities and Transport (DMT),ADPICDepartmentOfMunicipalitiesAndTransportDMT,OPEN,2026-01-05T00:00:00Z,"Project: Construction of Asphalt Roads for Farms in Mahadir Liwa (Western Mahadir) Phase – 2
Package: Construction

Department of Municipalities and Transport, hereinafter called (DMT or The Employer) intends to appoint an experienced Contractor to perform the Construction of asphalt road for farms in Mahadir Liwa (Western Mahadir) - Phase 2 along with road alignment adjustment, proposed surface drainage, utility relocation, and street lighting network.

This project is for the Construction of internal road works (single carriageway), embankment and slope protection, traffic signs and marking, Street lighting network, surface storm water, protection/relocation of the existing services, and spare ducts.",,8,https://www.adgpg.gov.ae/en/For-Suppliers/Public-Tenders?id=1219491?recommendedLimit=3,AED 0 - 0,https://eservice.addigital.gov.ae/,6613877,RFQ,Building and Facility Construction and Maintenance Services - Heavy construction services,خدمات إنشاء المباني والمرافق والصيانة - خدمات الإنشاء الثقيلة,[72000000],Open,[],[],AbuDhabi,RFQ-DMT-RFP-25-178 Construction of Asphalt Roads for Farms in Mahadir Liwa,6613877
1219509,RFQ-DMT-RFP-25-179 Construction of Asphalt Roads for Farms in Mahadir Liwa Phase 3,6613878,ADPIC - Department of Municipalities and Transport (DMT),ADPICDepartmentOfMunicipalitiesAndTransportDMT,OPEN,2026-01-05T00:00:00Z,"Construction the Asphalt Roads for Farms at Mahadir Liwa East- Phase 3, Surface Drainage, Street Lighting, all related works including protection and relocation of existing utilities, NOCs, needed agencies and authorities’ approvals, as well as Constructability and associated works to complete the work and the handing over",,8,https://www.adgpg.gov.ae/en/For-Suppliers/Public-Tenders?id=1219509?recommendedLimit=3,AED 0 - 0,https://eservice.addigital.gov.ae/,6613878,RFQ,Building and Facility Construction and Maintenance Services - Heavy construction services,خدمات إنشاء المباني والمرافق والصيانة - خدمات الإنشاء الثقيلة,[72000000],Open,[],[],AbuDhabi,RFQ-DMT-RFP-25-179 Construction of Asphalt Roads for Farms in Mahadir Liwa Phase 3,6613878
1219689,RFQ-توريد الانظمة والاجهزة الامنية,6583907,Civil Defense ,CivilDefense,OPEN,2026-01-13T00:00:00Z,ابرام عقد توريد الانظمة والاجهزة الامنية للهيئة ابوظبي للدفاع المدني,,16,https://www.adgpg.gov.ae/en/For-Suppliers/Public-Tenders?id=1219689?recommendedLimit=3,AED 0 - 0,https://eservice.addigital.gov.ae/,6583907,RFQ,,,[],Open,[],[],AbuDhabi,RFQ-توريد الانظمة والاجهزة الامنية,6583907
1219554,RFQ-Provision of Construction Services for Underwater Marine Museum,6561100,EAD - Environment Agency Abu Dhabi,EADEnvironmentAgencyAbuDhabi,OPEN,2025-12-31T00:00:00Z,"PUBLIC TENDER ANNOUNCEMENT: - Brief Scope:

The Environment Agency Abu Dhabi (EAD) is seeking to collaborate with a single bidder to deliver a comprehensive solution for the construction, production, transportation, deployment, completion, and handover of the Underwater Marine Museum. The scope of work includes executing all tasks according to the design and at the specified project location.
The selected bidder must have proven experience in similar projects and a team of qualified construction professionals.
The Contractor staff must include a team of qualified Marine, Structural and Civil Engineers, Technical Diving Team, Quantity Surveyors, and Planning Engineers…. etc. 
The contractor's scope of work includes the construction, completion, and handover of the project. This scope shall include, but is not limited to, the following:
•	Preliminaries: Provide lay-down area for Project element production and preparation to transport, the lay-down area preferred to be at one of Abu Dhabi Ports. Liaise with local authorities and obtain any required Permits, NOC’s.
•	Element Production: the contractor has to fabricate and build all project elements including the supply of any required molds and appoint any required specialists to complete the works.
•	Site Preparation: Preparing the seabed to receive the Museum Elements.
•	Transportation & Installation: the contractor shall transport the Elements safely and install the Museum Elements at the specific location as per the design to the seabed level.
•	Defect Liability Period: the contractor shall maintain and replace any defected elements during this period.
",,3,https://www.adgpg.gov.ae/en/For-Suppliers/Public-Tenders?id=1219554?recommendedLimit=3,AED 0 - 0,https://eservice.addigital.gov.ae/,6561100,RFQ,Engineering and Research and Technology Based Services - Earth science services,خدمات مستندة إلى الهندسة والبحث والتقنية - خدمات علوم أرضية,[81000000],Open,[],[],AbuDhabi,RFQ-Provision of Construction Services for Underwater Marine Museum,6561100
1219518,RFI-Develop a strategy and local breeding program to sustain healthy bee populations,6614264,ADAFSA - Abu Dhabi Agriculture And Food Safety Authority ,ADAFSAAbuDhabiAgricultureAndFoodSafetyAuthority,OPEN,2025-12-30T00:00:00Z,Develop a strategy and local breeding program to sustain healthy bee populations (Emirati Bee),,2,https://www.adgpg.gov.ae/en/For-Suppliers/Public-Tenders?id=1219518?recommendedLimit=3,AED 0 - 0,https://eservice.addigital.gov.ae/,6614264,RFI,,,[],Open,[],[],AbuDhabi,RFI-Develop a strategy and local breeding program to sustain healthy bee populations,6614264
1219464,RFQ-Supply and installation of 209 car parking,6585042,IAT Institute of Applied Technology ,IATInstituteOfAppliedTechnology,OPEN,2025-12-29T00:00:00Z,Supply and installation of 209 car parking,,1,https://www.adgpg.gov.ae/en/For-Suppliers/Public-Tenders?id=1219464?recommendedLimit=3,AED 0 - 0,https://eservice.addigital.gov.ae/,6585042,RFQ,,,[],Open,[],[],AbuDhabi,RFQ-Supply and installation of 209 car parking,6585042
1219752,RFQ-DMT-RFP-25-222 Tunnel Development Khaleej Al Arabi / Sheikh Shakhbout bin Sultan,6614957,ADPIC - Department of Municipalities and Transport (DMT),ADPICDepartmentOfMunicipalitiesAndTransportDMT,OPEN,2026-01-26T00:00:00Z,"The Department of Municipalities and Transport (DMT) is seeking the services of a capable and experienced Contractor to undertake the Design and Build of Two Bridges which is a package of work that forms part of the wider Khaleej Al Arabi Project and required to be completed through a Fixed price Lump Sum Construction Contract.

Shakbhout Bin Sultan Street is a 3 x 3 lane boulevard road providing connectivity to and from Hudariyat Island. The objective of the Project is to provide free flow traffic to and from Hudariyat Island. It is proposed to upgrade the existing signalized intersections; IP134 and IP 134A at 8th and 32nd Street respectively via grade separation. A 2-lane bridge ramp connecting 32nd Street to Shakhbout Bin Sultan Street and A 1 x 1 lane bridge on 8th Street spanning Shakbhout Bin Sultan Street is proposed.",,29,https://www.adgpg.gov.ae/en/For-Suppliers/Public-Tenders?id=1219752?recommendedLimit=3,AED 0 - 0,https://eservice.addigital.gov.ae/,6614957,RFQ,Building and Facility Construction and Maintenance Services - Heavy construction services,خدمات إنشاء المباني والمرافق والصيانة - خدمات الإنشاء الثقيلة,[72000000],Open,[],[],AbuDhabi,RFQ-DMT-RFP-25-222 Tunnel Development Khaleej Al Arabi / Sheikh Shakhbout bin Sultan,6614957
